{
  "project_info": {
    "project_number": "1072394549224",
    "firebase_url": "https://whatsapp-5b1b2.firebaseio.com",
    "project_id": "whatsapp-5b1b2",
    "storage_bucket": "whatsapp-5b1b2.appspot.com"
  },
  "client": [
    {
      "client_info": {
        "mobilesdk_app_id": "1:1072394549224:android:3d403f0a346642b8c7965d",
        "android_client_info": {
          "package_name": "com.example.myapplication"
        }
      },
      "oauth_client": [
        {
          "client_id": "1072394549224-nijauhpujpavu1aeko4pqnheq8hvip7s.apps.googleusercontent.com",
          "client_type": 1,
          "android_info": {
            "package_name": "com.example.myapplication",
            "certificate_hash": "c6ffe96e7e0245fef93be8e6802bdce48208fe6d"
          }
        },
        {
          "client_id": "1072394549224-m0ion92lr7b0g8g98rhaa3b21tp3am2g.apps.googleusercontent.com",
          "client_type": 3
        }
      ],
      "api_key": [
        {
          "current_key": "AIzaSyAsuRqzPwNU3ce2go4A0-VnQtmNnkP-RKo"
        }
      ],
      "services": {
        "appinvite_service": {
          "other_platform_oauth_client": [
            {
              "client_id": "1072394549224-m0ion92lr7b0g8g98rhaa3b21tp3am2g.apps.googleusercontent.com",
              "client_type": 3
            }
          ]
        }
      }
    }
  ],
  "configuration_version": "1"
}